<code_scheme name="Default" version="173">
  <option name="AUTODETECT_INDENTS" value="false" />
  <option name="IMPORT_LAYOUT_TABLE">
    <value>
      <package name="java" withSubpackages="true" static="false" />
      <emptyLine />
      <package name="javax" withSubpackages="true" static="false" />
      <emptyLine />
      <package name="" withSubpackages="true" static="false" />
      <emptyLine />
      <package name="" withSubpackages="true" static="true" />
      <emptyLine />
    </value>
  </option>
  <option name="RIGHT_MARGIN" value="100" />
  <CssCodeStyleSettings>
    <option name="KEEP_SINGLE_LINE_BLOCKS" value="true" />
  </CssCodeStyleSettings>
  <ECMA4CodeStyleSettings>
    <option name="FUNCTION_EXPRESSION_BRACE_STYLE" value="2" />
  </ECMA4CodeStyleSettings>
  <HTMLCodeStyleSettings>
    <option name="HTML_KEEP_BLANK_LINES" value="1" />
  </HTMLCodeStyleSettings>
  <JSCodeStyleSettings>
    <option name="BLANK_LINES_AROUND_FUNCTION" value="0" />
    <option name="FUNCTION_EXPRESSION_BRACE_STYLE" value="5" />
  </JSCodeStyleSettings>
  <JavaCodeStyleSettings>
    <option name="BLANK_LINES_AROUND_INITIALIZER" value="0" />
    <option name="IMPORT_LAYOUT_TABLE">
      <value>
        <package name="java" withSubpackages="true" static="false" />
        <emptyLine />
        <package name="javax" withSubpackages="true" static="false" />
        <emptyLine />
        <package name="" withSubpackages="true" static="false" />
        <emptyLine />
        <package name="" withSubpackages="true" static="true" />
        <emptyLine />
      </value>
    </option>
  </JavaCodeStyleSettings>
  <SqlCodeStyleSettings version="1">
    <option name="KEYWORD_CASE" value="0" />
  </SqlCodeStyleSettings>
  <codeStyleSettings language="JAVA">
    <option name="LINE_COMMENT_AT_FIRST_COLUMN" value="false" />
    <option name="BLOCK_COMMENT_AT_FIRST_COLUMN" value="false" />
    <option name="KEEP_CONTROL_STATEMENT_IN_ONE_LINE" value="false" />
    <option name="KEEP_BLANK_LINES_IN_DECLARATIONS" value="0" />
    <option name="KEEP_BLANK_LINES_IN_CODE" value="1" />
    <option name="KEEP_BLANK_LINES_BEFORE_RBRACE" value="0" />
    <option name="BLANK_LINES_AROUND_FIELD" value="1" />
    <option name="BLANK_LINES_AROUND_FIELD_IN_INTERFACE" value="1" />
    <option name="ALIGN_MULTILINE_ARRAY_INITIALIZER_EXPRESSION" value="true" />
    <option name="ARRAY_INITIALIZER_LBRACE_ON_NEXT_LINE" value="true" />
    <option name="ARRAY_INITIALIZER_RBRACE_ON_NEXT_LINE" value="true" />
    <option name="IF_BRACE_FORCE" value="3" />
    <indentOptions>
      <option name="USE_TAB_CHARACTER" value="true" />
    </indentOptions>
  </codeStyleSettings>
  <codeStyleSettings language="JavaScript">
    <option name="KEEP_BLANK_LINES_IN_CODE" value="0" />
  </codeStyleSettings>
</code_scheme>