<keymap version="1" name="Default copy" parent="$default">
  <action id="$ChooseTranslatorAction" />
  <action id="ActivateCommitToolWindow">
    <keyboard-shortcut first-keystroke="shift alt 9" />
  </action>
  <action id="ActivateVersionControlToolWindow">
    <keyboard-shortcut first-keystroke="alt 9" />
  </action>
  <action id="Console.TableResult.EditFilterCriteria" />
  <action id="FindBugs.CurrentFileAction" />
  <action id="FindInPath">
    <keyboard-shortcut first-keystroke="shift ctrl f" />
    <keyboard-shortcut first-keystroke="shift ctrl alt f" />
  </action>
  <action id="GotoDeclaration">
    <mouse-shortcut keystroke="control button1" />
    <mouse-shortcut keystroke="button2" />
  </action>
  <action id="GotoImplementation">
    <mouse-shortcut keystroke="control alt button1" />
    <keyboard-shortcut first-keystroke="ctrl b" />
  </action>
  <action id="PlantUML.Reload" />
  <action id="Scala.ShowImplicits">
    <keyboard-shortcut first-keystroke="shift ctrl alt equals" />
    <keyboard-shortcut first-keystroke="shift ctrl alt add" />
  </action>
  <action id="com.github.setial.intellijjavadocs.action.JavaDocGenerateActionOnEditor" />
</keymap>