<application>
  <component name="NotificationConfiguration">
    <notification groupId="Branch Context group" displayType="NONE" />
    <notification groupId="IDE and Plugin Updates" displayType="STICKY_BALLOON" shouldLog="false" />
    <notification groupId="MATERIAL_THEME" shouldLog="false" />
    <notification groupId="MATERIAL_THEME_UPDATE" displayType="STICKY_BALLOON" shouldLog="false" />
    <notification groupId="Mybatis" shouldLog="false" />
    <notification groupId="mybatisCodeHelper" shouldLog="false" />
  </component>
</application>