<application>
  <component name="GitRememberedInputs">
    <option name="visitedUrls">
      <list>
        <UrlAndUserName>
          <option name="url" value="https://github.com/Bigdudada/Bigit.git" />
          <option name="userName" value="" />
        </UrlAndUserName>
        <UrlAndUserName>
          <option name="url" value="http://github.com" />
          <option name="userName" value="657344389@qq.com" />
        </UrlAndUserName>
        <UrlAndUserName>
          <option name="url" value="http://git.ap.manulife.com" />
          <option name="userName" value="elijahdu@mfcgd.com" />
        </UrlAndUserName>
      </list>
    </option>
    <option name="cloneParentDir" value="E:\Project\IDEA" />
  </component>
  <component name="Vcs.Log.App.Settings">
    <option name="COMPACT_REFERENCES_VIEW" value="false" />
    <option name="COLUMN_ORDER">
      <list>
        <option value="0" />
        <option value="1" />
        <option value="2" />
        <option value="3" />
      </list>
    </option>
  </component>
</application>