<application>
  <component name="EasyApiSetting">
    <option name="httpTimeOut" value="10" />
    <option name="inferEnable" value="false" />
    <option name="inferMaxDeep" value="3" />
    <option name="postmanToken" value="" />
    <option name="pullNewestDataBefore" value="false" />
    <option name="readGetter" value="false" />
    <option name="yapiServer" value="http://localhost:3000" />
    <option name="yapiTokens" value="#&#13;&#10;#Thu Jul 18 19:43:54 CST 2019&#13;&#10;cpdts-data-service=1184364115da96a22e6e5761e923845d1caff7bad50d8c1bf6ec8dc1488bf092&#13;&#10;" />
  </component>
</application>