<application>
  <component name="ExternalResourceManagerImpl">
    <resource url="http://plugins.intellij.net/xstructure/ns/xstructure_1_0.xsd" location="$APPLICATION_HOME_DIR$/bin/file:/C:/Users/withx/.IntelliJIdea2019.1/config/plugins/xstructure/lib/xstructure.jar!/org/sylfra/idea/plugins/xstructure/resources/schemas/xstructure_1_0.xsd" />
    <resource url="http://plugins.intellij.net/xstructure/ns/xstructure_1_1.xsd" location="$APPLICATION_HOME_DIR$/bin/file:/C:/Users/withx/.IntelliJIdea2019.1/config/plugins/xstructure/lib/xstructure.jar!/org/sylfra/idea/plugins/xstructure/resources/schemas/xstructure_1_1.xsd" />
    <ignored-resource url="http://ibatis.apache.org/dtd/ibatis-3-config.dtd" />
    <ignored-resource url="http://jakarta.apache.org/log4j/" />
    <ignored-resource url="http://www.springframework.org/schema/data/jpa" />
    <ignored-resource url="http://www.springframework.org/schema/jdbc" />
    <ignored-resource url="http://www.springframework.org/schema/jms" />
    <ignored-resource url="http://www.springframework.org/schema/tx" />
    <ignored-resource url="http://www.springframework.org/schema/tx/spring-mvc-3.2.xsd" />
  </component>
</application>