<application>
  <component name="MaterialThemeConfig">
    <option name="compactSidebar" value="true" />
    <option name="isWizardShown" value="true" />
    <option name="pristineConfig" value="false" />
    <option name="customSidebarHeight" value="26" />
    <option name="settingsSelectedTab" value="3" />
    <option name="tabsHeight" value="22" />
    <option name="accentColor" value="eae8ea" />
    <option name="highlightColor" value="80cbc4" />
    <option name="selectedTheme" value="MONOKAI" />
    <option name="userId" value="-4d2f1ea4:16662239dcd:-8000" />
    <option name="version" value="4.5.1" />
  </component>
</application>