<application>
  <component name="ProjectManager">
    <defaultProject>
      <component name="CheckStyle-IDEA">
        <option name="configuration">
          <map>
            <entry key="checkstyle-version" value="8.8" />
            <entry key="copy-libs" value="true" />
            <entry key="location-0" value="BUNDLED:(bundled):Sun Checks" />
            <entry key="location-1" value="BUNDLED:(bundled):Google Checks" />
            <entry key="scan-before-checkin" value="false" />
            <entry key="scanscope" value="JavaOnly" />
            <entry key="suppress-errors" value="false" />
          </map>
        </option>
      </component>
      <component name="CheckStyle-IDEA-workspace">
        <option name="configuration">
          <map>
            <entry key="last-active-plugin-version" value="5.18.6" />
          </map>
        </option>
      </component>
      <component name="CompilerConfiguration">
        <option name="BUILD_PROCESS_HEAP_SIZE" value="4096" />
      </component>
      <component name="DefaultGradleProjectSettings">
        <option name="isMigrated" value="true" />
      </component>
      <component name="Encoding" defaultCharsetForPropertiesFiles="UTF-8">
        <file url="PROJECT" charset="UTF-8" />
      </component>
      <component name="Git.Settings">
        <option name="ROOT_SYNC" value="DONT_SYNC" />
      </component>
      <component name="GradleLocalSettings">
        <option name="projectSyncType">
          <map>
            <entry key="$USER_HOME$/Desktop/Code/Fork/spring-framework" value="PREVIEW" />
            <entry key="$USER_HOME$/Desktop/Code/future/EventBus" value="PREVIEW" />
            <entry key="$USER_HOME$/Desktop/junit5-master" value="PREVIEW" />
          </map>
        </option>
      </component>
      <component name="InspectionProjectProfileManager">
        <profile version="1.0">
          <option name="myName" value="Project Default" />
          <inspection_tool class="JavaDoc" enabled="false" level="WARNING" enabled_by_default="false">
            <option name="TOP_LEVEL_CLASS_OPTIONS">
              <value>
                <option name="ACCESS_JAVADOC_REQUIRED_FOR" value="none" />
                <option name="REQUIRED_TAGS" value="" />
              </value>
            </option>
            <option name="INNER_CLASS_OPTIONS">
              <value>
                <option name="ACCESS_JAVADOC_REQUIRED_FOR" value="none" />
                <option name="REQUIRED_TAGS" value="" />
              </value>
            </option>
            <option name="METHOD_OPTIONS">
              <value>
                <option name="ACCESS_JAVADOC_REQUIRED_FOR" value="none" />
                <option name="REQUIRED_TAGS" value="@return@param@throws or @exception" />
              </value>
            </option>
            <option name="FIELD_OPTIONS">
              <value>
                <option name="ACCESS_JAVADOC_REQUIRED_FOR" value="none" />
                <option name="REQUIRED_TAGS" value="" />
              </value>
            </option>
            <option name="IGNORE_DEPRECATED" value="false" />
            <option name="IGNORE_JAVADOC_PERIOD" value="true" />
            <option name="IGNORE_DUPLICATED_THROWS" value="false" />
            <option name="IGNORE_POINT_TO_ITSELF" value="false" />
            <option name="myAdditionalJavadocTags" value="" />
          </inspection_tool>
          <inspection_tool class="SerializableHasSerialVersionUIDField" enabled="true" level="ERROR" enabled_by_default="true">
            <option name="ignoreAnonymousInnerClasses" value="false" />
            <option name="superClassString" value="" />
          </inspection_tool>
          <inspection_tool class="SpringJavaAutowiringInspection" enabled="true" level="WARNING" enabled_by_default="true" />
          <inspection_tool class="SqlDialectInspection" enabled="false" level="WARNING" enabled_by_default="false" />
        </profile>
        <version value="1.0" />
      </component>
      <component name="JUnitGeneratorProjectSettings">
        <option name="combineGetterAndSetter" value="true" />
        <option name="selectedTemplateKey" value="JUnit 4" />
      </component>
      <component name="MarkdownProjectSettings" wasCopied="true">
        <PreviewSettings splitEditorLayout="SPLIT" splitEditorPreview="PREVIEW" useGrayscaleRendering="false" zoomFactor="1.25" maxImageWidth="0" showGitHubPageIfSynced="false" allowBrowsingInPreview="false" synchronizePreviewPosition="true" highlightPreviewType="NONE" highlightFadeOut="5" highlightOnTyping="true" synchronizeSourcePosition="true" verticallyAlignSourceAndPreviewSyncPosition="true" showSearchHighlightsInPreview="false" showSelectionInPreview="true" openRemoteLinks="true" replaceUnicodeEmoji="false" lastLayoutSetsDefault="false">
          <PanelProvider>
            <provider providerId="com.vladsch.idea.multimarkdown.editor.swing.html.panel" providerName="Default - Swing" />
          </PanelProvider>
        </PreviewSettings>
        <ParserSettings gitHubSyntaxChange="false" emojiShortcuts="1" emojiImages="0">
          <PegdownExtensions>
            <option name="ABBREVIATIONS" value="false" />
            <option name="ANCHORLINKS" value="true" />
            <option name="ASIDE" value="false" />
            <option name="ATXHEADERSPACE" value="true" />
            <option name="AUTOLINKS" value="true" />
            <option name="DEFINITIONS" value="false" />
            <option name="DEFINITION_BREAK_DOUBLE_BLANK_LINE" value="false" />
            <option name="FENCED_CODE_BLOCKS" value="true" />
            <option name="FOOTNOTES" value="false" />
            <option name="HARDWRAPS" value="false" />
            <option name="HTML_DEEP_PARSER" value="false" />
            <option name="INSERTED" value="false" />
            <option name="QUOTES" value="false" />
            <option name="RELAXEDHRULES" value="true" />
            <option name="SMARTS" value="false" />
            <option name="STRIKETHROUGH" value="true" />
            <option name="SUBSCRIPT" value="false" />
            <option name="SUPERSCRIPT" value="false" />
            <option name="SUPPRESS_HTML_BLOCKS" value="false" />
            <option name="SUPPRESS_INLINE_HTML" value="false" />
            <option name="TABLES" value="true" />
            <option name="TASKLISTITEMS" value="true" />
            <option name="TOC" value="false" />
            <option name="WIKILINKS" value="true" />
          </PegdownExtensions>
          <ParserOptions>
            <option name="ADMONITION_EXT" value="false" />
            <option name="ATTRIBUTES_EXT" value="false" />
            <option name="COMMONMARK_LISTS" value="true" />
            <option name="DUMMY" value="false" />
            <option name="EMOJI_SHORTCUTS" value="true" />
            <option name="ENUMERATED_REFERENCES_EXT" value="false" />
            <option name="FLEXMARK_FRONT_MATTER" value="false" />
            <option name="GFM_LOOSE_BLANK_LINE_AFTER_ITEM_PARA" value="false" />
            <option name="GFM_TABLE_RENDERING" value="true" />
            <option name="GITBOOK_URL_ENCODING" value="false" />
            <option name="GITHUB_LISTS" value="false" />
            <option name="GITHUB_WIKI_LINKS" value="true" />
            <option name="GITLAB_EXT" value="false" />
            <option name="GITLAB_MATH_EXT" value="false" />
            <option name="GITLAB_MERMAID_EXT" value="false" />
            <option name="HEADER_ID_NON_ASCII_TO_LOWERCASE" value="false" />
            <option name="HEADER_ID_NO_DUPED_DASHES" value="false" />
            <option name="JEKYLL_FRONT_MATTER" value="false" />
            <option name="MACROS_EXT" value="false" />
            <option name="NO_TEXT_ATTRIBUTES" value="false" />
            <option name="PARSE_HTML_ANCHOR_ID" value="false" />
            <option name="PLANTUML_FENCED_CODE" value="false" />
            <option name="PUML_FENCED_CODE" value="false" />
            <option name="SIM_TOC_BLANK_LINE_SPACER" value="true" />
          </ParserOptions>
        </ParserSettings>
        <HtmlSettings headerTopEnabled="false" headerBottomEnabled="false" bodyTopEnabled="false" bodyBottomEnabled="false" embedUrlContent="false" addPageHeader="true" embedImages="false" embedHttpImages="false" imageUriSerials="false" addDocTypeHtml="true" noParaTags="false" plantUmlConversion="0" mathConversion="-1">
          <GeneratorProvider>
            <provider providerId="com.vladsch.idea.multimarkdown.editor.swing.html.generator" providerName="Default Swing HTML Generator" />
          </GeneratorProvider>
          <headerTop />
          <headerBottom />
          <bodyTop />
          <bodyBottom />
        </HtmlSettings>
        <CssSettings previewScheme="UI_SCHEME" cssUri="" isCssUriEnabled="false" isCssUriSerial="true" isCssTextEnabled="false" isDynamicPageWidth="true">
          <StylesheetProvider>
            <provider providerId="com.vladsch.idea.multimarkdown.editor.swing.html.css" providerName="Default Swing Stylesheet" />
          </StylesheetProvider>
          <ScriptProviders />
          <cssText />
          <cssUriHistory />
        </CssSettings>
        <HtmlExportSettings updateOnSave="false" parentDir="" targetDir="" cssDir="" scriptDir="" plainHtml="false" imageDir="" copyLinkedImages="false" imageUniquifyType="0" targetPathType="2" targetExt="" useTargetExt="false" noCssNoScripts="false" useElementStyleAttribute="false" linkToExportedHtml="true" exportOnSettingsChange="true" regenerateOnProjectOpen="false" linkFormatType="HTTP_ABSOLUTE" />
        <LinkMapSettings>
          <textMaps />
        </LinkMapSettings>
      </component>
      <component name="MavenImportPreferences">
        <option name="generalSettings">
          <MavenGeneralSettings>
            <option name="mavenHome" value="D:/Dev/Maven" />
            <option name="userSettingsFile" value="D:\Dev\Maven\conf\settings\settings-dev.xml" />
          </MavenGeneralSettings>
        </option>
      </component>
      <component name="ProjectCodeStyleConfiguration">
        <code_scheme name="Project" version="173">
          <DBN-PSQL>
            <case-options enabled="true">
              <option name="KEYWORD_CASE" value="lower" />
              <option name="FUNCTION_CASE" value="lower" />
              <option name="PARAMETER_CASE" value="lower" />
              <option name="DATATYPE_CASE" value="lower" />
              <option name="OBJECT_CASE" value="preserve" />
            </case-options>
            <formatting-settings enabled="false" />
          </DBN-PSQL>
          <DBN-SQL>
            <case-options enabled="true">
              <option name="KEYWORD_CASE" value="lower" />
              <option name="FUNCTION_CASE" value="lower" />
              <option name="PARAMETER_CASE" value="lower" />
              <option name="DATATYPE_CASE" value="lower" />
              <option name="OBJECT_CASE" value="preserve" />
            </case-options>
            <formatting-settings enabled="false">
              <option name="STATEMENT_SPACING" value="one_line" />
              <option name="CLAUSE_CHOP_DOWN" value="chop_down_if_statement_long" />
              <option name="ITERATION_ELEMENTS_WRAPPING" value="chop_down_if_not_single" />
            </formatting-settings>
          </DBN-SQL>
        </code_scheme>
      </component>
      <component name="ProjectInspectionProfilesVisibleTreeState">
        <entry key="Project Default">
          <profile-state>
            <expanded-state>
              <State />
              <State>
                <id>Control flow issuesJava</id>
              </State>
              <State>
                <id>Java</id>
              </State>
              <State>
                <id>Java language level migration aidsJava</id>
              </State>
            </expanded-state>
          </profile-state>
        </entry>
      </component>
      <component name="ProjectRootManager" version="2" languageLevel="JDK_1_8" project-jdk-name="1.8" project-jdk-type="JavaSDK" />
      <component name="PropertiesComponent">
        <property name="last_opened_file_path" value="C:/Apps/Dev/Git/bin/git.exe" />
        <property name="nodejs_interpreter_path.stuck_in_default_project" value="undefined stuck path" />
        <property name="nodejs_npm_path_reset_for_default_project" value="true" />
        <property name="project.structure.last.edited" value="Global Libraries" />
        <property name="project.structure.proportion" value="0.15" />
        <property name="project.structure.side.proportion" value="0.2" />
        <property name="settings.editor.selected.configurable" value="settings.saveactions" />
      </component>
      <component name="RunDashboard">
        <option name="ruleStates">
          <list>
            <RuleState>
              <option name="name" value="ConfigurationTypeDashboardGroupingRule" />
            </RuleState>
            <RuleState>
              <option name="name" value="StatusDashboardGroupingRule" />
            </RuleState>
          </list>
        </option>
      </component>
      <component name="RunManager">
        <configuration default="true" type="Application" factoryName="Application">
          <option name="WORKING_DIRECTORY" value="$PROJECT_DIR$" />
          <method v="2">
            <option name="Make" enabled="true" />
          </method>
        </configuration>
        <configuration default="true" type="JUnit" factoryName="JUnit">
          <option name="TEST_OBJECT" value="class" />
          <option name="WORKING_DIRECTORY" value="%MODULE_WORKING_DIR%" />
          <method v="2">
            <option name="Make" enabled="true" />
          </method>
        </configuration>
        <configuration default="true" type="TestNG">
          <option name="TEST_OBJECT" value="CLASS" />
          <option name="WORKING_DIRECTORY" value="%MODULE_WORKING_DIR%" />
          <properties />
          <listeners />
          <method v="2">
            <option name="Make" enabled="true" />
          </method>
        </configuration>
      </component>
      <component name="SaveActionSettings">
        <option name="actions">
          <set>
            <option value="activate" />
            <option value="activateOnShortcut" />
            <option value="noActionIfCompileErrors" />
            <option value="organizeImports" />
            <option value="reformat" />
            <option value="rearrange" />
            <option value="missingOverrideAnnotation" />
            <option value="generateSerialVersionUID" />
            <option value="unnecessaryThis" />
            <option value="finalPrivateMethod" />
            <option value="unnecessaryFinalOnLocalVariableOrParameter" />
            <option value="explicitTypeCanBeDiamond" />
            <option value="suppressAnnotation" />
            <option value="unnecessarySemicolon" />
          </set>
        </option>
        <option name="configurationPath" value="" />
      </component>
      <component name="masterDetails">
        <states>
          <state key="Copyright.UI">
            <settings>
              <splitter-proportions>
                <option name="proportions">
                  <list>
                    <option value="0.2" />
                  </list>
                </option>
              </splitter-proportions>
            </settings>
          </state>
          <state key="GlobalLibrariesConfigurable.UI">
            <settings>
              <last-edited>scala-sdk-2.12.6</last-edited>
              <splitter-proportions>
                <option name="proportions">
                  <list>
                    <option value="0.2" />
                  </list>
                </option>
              </splitter-proportions>
            </settings>
          </state>
          <state key="JdkListConfigurable.UI">
            <settings>
              <last-edited>1.8</last-edited>
              <splitter-proportions>
                <option name="proportions">
                  <list>
                    <option value="0.2" />
                  </list>
                </option>
              </splitter-proportions>
            </settings>
          </state>
          <state key="ProjectJDKs.UI">
            <settings>
              <last-edited>1.8</last-edited>
              <splitter-proportions>
                <option name="proportions">
                  <list>
                    <option value="0.2" />
                  </list>
                </option>
              </splitter-proportions>
            </settings>
          </state>
          <state key="ProjectLibrariesConfigurable.UI">
            <settings>
              <splitter-proportions>
                <option name="proportions">
                  <list>
                    <option value="0.2" />
                  </list>
                </option>
              </splitter-proportions>
            </settings>
          </state>
          <state key="ScopeChooserConfigurable.UI">
            <settings>
              <splitter-proportions>
                <option name="proportions">
                  <list>
                    <option value="0.2" />
                  </list>
                </option>
              </splitter-proportions>
            </settings>
          </state>
        </states>
      </component>
    </defaultProject>
  </component>
</application>