<application>
  <component name="SonarLintGlobalSettings">
    <option name="autoTrigger" value="false" />
    <option name="sonarQubeServers">
      <list>
        <SonarQubeServer>
          <option name="hostUrl" value="http://10.248.37.58:9000" />
          <token>df9ddf99dfc9df9fdf9adf9ddf9bdf98df9fdfc8dfcbdfcedf92dfcbdf9adf93df98dfccdfc8df92dfc8dfc8df9adfcbdfcedfcfdfcedfcfdf9fdfc8df9cdfc9dfccdf98df9edf9adfcedfc9dfccdfcf</token>
          <option name="name" value="local" />
          <organizationKey>default-organization</organizationKey>
        </SonarQubeServer>
      </list>
    </option>
  </component>
</application>