<application>
  <component name="AppStorage">
    <histories>
      <item value="Yard Constants" />
      <item value="evaluation" />
      <item value="Mybatis Plugin: Thank you for evaluating Mybatis Plugin. Your evaluation license has expired." />
      <item value="Mybatis Plugin: Thank you for evaluating Mybatis Plugin. Your evaluation license has expired" />
      <item value="Thank you for evaluating Mybatis Plugin. Your evaluation license has expired." />
      <item value="delete Order" />
      <item value="index" />
    </histories>
    <option name="languageScores">
      <map>
        <entry key="CHINESE" value="10" />
        <entry key="ENGLISH" value="10" />
        <entry key="FRENCH" value="1" />
      </map>
    </option>
  </component>
  <component name="Settings">
    <option name="ignoreRegExp" value="" />
    <option name="translator" value="ai.youdao" />
    <option name="youdaoTranslateSettings">
      <youdao-translate>
        <option name="appId" value="4ab6580b60416028" />
        <option name="appKeyConfigured" value="true" />
      </youdao-translate>
    </option>
  </component>
</application>