<?xml version="1.0" encoding="UTF-8"?>
<scheme name="dmilith" version="1" parent_scheme="Default">
  <option name="LINE_SPACING" value="1.0" />
  <option name="EDITOR_FONT_SIZE" value="14" />
  <option name="EDITOR_FONT_NAME" value="Monaco" />
  <colors>
    <option name="ADDED_LINES_COLOR" value="4700" />
    <option name="ANNOTATIONS_COLOR" value="8000" />
    <option name="CARET_COLOR" value="ffffff" />
    <option name="CARET_ROW_COLOR" value="0" />
    <option name="LEFT_GUTTER_BACKGROUND" value="121212" />
    <option name="LINE_NUMBERS_COLOR" value="8000" />
    <option name="MODIFIED_LINES_COLOR" value="49" />
    <option name="READONLY_BACKGROUND" value="121212" />
    <option name="READONLY_FRAGMENT_BACKGROUND" value="121212" />
    <option name="SELECTION_BACKGROUND" value="8000" />
    <option name="WHITESPACES" value="333333" />
  </colors>
  <attributes>
    <option name="ABSTRACT_CLASS_NAME_ATTRIBUTES">
      <value>
        <option name="FOREGROUND" value="46e328" />
        <option name="BACKGROUND" />
        <option name="FONT_TYPE" value="0" />
        <option name="EFFECT_COLOR" />
        <option name="EFFECT_TYPE" value="0" />
        <option name="ERROR_STRIPE_COLOR" />
      </value>
    </option>
    <option name="Abstract class">
      <value>
        <option name="FOREGROUND" value="5fda37" />
        <option name="BACKGROUND" />
        <option name="FONT_TYPE" value="0" />
        <option name="EFFECT_COLOR" />
        <option name="EFFECT_TYPE" value="0" />
        <option name="ERROR_STRIPE_COLOR" />
      </value>
    </option>
    <option name="Annotation attribute name">
      <value>
        <option name="FOREGROUND" value="808080" />
        <option name="BACKGROUND" />
        <option name="FONT_TYPE" value="0" />
        <option name="EFFECT_COLOR" />
        <option name="EFFECT_TYPE" value="0" />
        <option name="ERROR_STRIPE_COLOR" />
      </value>
    </option>
    <option name="Annotation name">
      <value>
        <option name="FOREGROUND" value="ffffcc" />
        <option name="BACKGROUND" />
        <option name="FONT_TYPE" value="0" />
        <option name="EFFECT_COLOR" />
        <option name="EFFECT_TYPE" value="1" />
        <option name="ERROR_STRIPE_COLOR" />
      </value>
    </option>
    <option name="BREAKPOINT_ATTRIBUTES">
      <value>
        <option name="FOREGROUND" />
        <option name="BACKGROUND" value="660099" />
        <option name="FONT_TYPE" value="0" />
        <option name="EFFECT_COLOR" />
        <option name="EFFECT_TYPE" value="0" />
        <option name="ERROR_STRIPE_COLOR" />
      </value>
    </option>
    <option name="Block comment">
      <value>
        <option name="FOREGROUND" value="333333" />
        <option name="BACKGROUND" />
        <option name="FONT_TYPE" value="2" />
        <option name="EFFECT_COLOR" />
        <option name="EFFECT_TYPE" value="0" />
        <option name="ERROR_STRIPE_COLOR" />
      </value>
    </option>
    <option name="Brackets">
      <value>
        <option name="FOREGROUND" value="808080" />
        <option name="BACKGROUND" />
        <option name="FONT_TYPE" value="0" />
        <option name="EFFECT_COLOR" />
        <option name="EFFECT_TYPE" value="0" />
        <option name="ERROR_STRIPE_COLOR" />
      </value>
    </option>
    <option name="CLASS_NAME_ATTRIBUTES">
      <value>
        <option name="FOREGROUND" value="46e328" />
        <option name="BACKGROUND" />
        <option name="FONT_TYPE" value="0" />
        <option name="EFFECT_COLOR" />
        <option name="EFFECT_TYPE" value="0" />
        <option name="ERROR_STRIPE_COLOR" />
      </value>
    </option>
    <option name="CONSTRUCTOR_CALL_ATTRIBUTES">
      <value>
        <option name="FOREGROUND" value="ffffff" />
        <option name="BACKGROUND" />
        <option name="FONT_TYPE" value="0" />
        <option name="EFFECT_COLOR" />
        <option name="EFFECT_TYPE" value="0" />
        <option name="ERROR_STRIPE_COLOR" />
      </value>
    </option>
    <option name="CONSTRUCTOR_DECLARATION_ATTRIBUTES">
      <value>
        <option name="FOREGROUND" value="ffffff" />
        <option name="BACKGROUND" />
        <option name="FONT_TYPE" value="0" />
        <option name="EFFECT_COLOR" />
        <option name="EFFECT_TYPE" value="0" />
        <option name="ERROR_STRIPE_COLOR" />
      </value>
    </option>
    <option name="CSS.FUNCTION">
      <value>
        <option name="FOREGROUND" value="ff00" />
        <option name="BACKGROUND" />
        <option name="FONT_TYPE" value="1" />
        <option name="EFFECT_COLOR" />
        <option name="EFFECT_TYPE" value="0" />
        <option name="ERROR_STRIPE_COLOR" />
      </value>
    </option>
    <option name="CSS.IDENT">
      <value>
        <option name="FOREGROUND" value="ffff00" />
        <option name="BACKGROUND" />
        <option name="FONT_TYPE" value="1" />
        <option name="EFFECT_COLOR" />
        <option name="EFFECT_TYPE" value="0" />
        <option name="ERROR_STRIPE_COLOR" />
      </value>
    </option>
    <option name="CSS.KEYWORD">
      <value>
        <option name="FOREGROUND" value="ff9900" />
        <option name="BACKGROUND" />
        <option name="FONT_TYPE" value="1" />
        <option name="EFFECT_COLOR" />
        <option name="EFFECT_TYPE" value="1" />
        <option name="ERROR_STRIPE_COLOR" />
      </value>
    </option>
    <option name="CSS.PROPERTY_VALUE">
      <value>
        <option name="FOREGROUND" value="ffff" />
        <option name="BACKGROUND" />
        <option name="FONT_TYPE" value="1" />
        <option name="EFFECT_COLOR" />
        <option name="EFFECT_TYPE" value="0" />
        <option name="ERROR_STRIPE_COLOR" />
      </value>
    </option>
    <option name="CSS.TAG_NAME">
      <value>
        <option name="FOREGROUND" value="ffff00" />
        <option name="BACKGROUND" />
        <option name="FONT_TYPE" value="1" />
        <option name="EFFECT_COLOR" />
        <option name="EFFECT_TYPE" value="0" />
        <option name="ERROR_STRIPE_COLOR" />
      </value>
    </option>
    <option name="CSS.URL">
      <value>
        <option name="FOREGROUND" value="8700" />
        <option name="BACKGROUND" />
        <option name="FONT_TYPE" value="1" />
        <option name="EFFECT_COLOR" />
        <option name="EFFECT_TYPE" value="0" />
        <option name="ERROR_STRIPE_COLOR" />
      </value>
    </option>
    <option name="CUSTOM_KEYWORD1_ATTRIBUTES">
      <value>
        <option name="FOREGROUND" value="d6491a" />
        <option name="BACKGROUND" />
        <option name="FONT_TYPE" value="1" />
        <option name="EFFECT_COLOR" />
        <option name="EFFECT_TYPE" value="0" />
        <option name="ERROR_STRIPE_COLOR" />
      </value>
    </option>
    <option name="CUSTOM_KEYWORD2_ATTRIBUTES">
      <value>
        <option name="FOREGROUND" value="cc3300" />
        <option name="BACKGROUND" />
        <option name="FONT_TYPE" value="1" />
        <option name="EFFECT_COLOR" />
        <option name="EFFECT_TYPE" value="0" />
        <option name="ERROR_STRIPE_COLOR" />
      </value>
    </option>
    <option name="CUSTOM_NUMBER_ATTRIBUTES">
      <value>
        <option name="FOREGROUND" value="5050ff" />
        <option name="BACKGROUND" />
        <option name="FONT_TYPE" value="0" />
        <option name="EFFECT_COLOR" />
        <option name="EFFECT_TYPE" value="0" />
        <option name="ERROR_STRIPE_COLOR" />
      </value>
    </option>
    <option name="CUSTOM_STRING_ATTRIBUTES">
      <value>
        <option name="FOREGROUND" value="6ac06" />
        <option name="BACKGROUND" />
        <option name="FONT_TYPE" value="1" />
        <option name="EFFECT_COLOR" />
        <option name="EFFECT_TYPE" value="0" />
        <option name="ERROR_STRIPE_COLOR" />
      </value>
    </option>
    <option name="CUSTOM_VALID_STRING_ESCAPE_ATTRIBUTES">
      <value>
        <option name="FOREGROUND" value="ffff00" />
        <option name="BACKGROUND" />
        <option name="FONT_TYPE" value="1" />
        <option name="EFFECT_COLOR" />
        <option name="EFFECT_TYPE" value="0" />
        <option name="ERROR_STRIPE_COLOR" />
      </value>
    </option>
    <option name="Class">
      <value>
        <option name="FOREGROUND" value="5fda37" />
        <option name="BACKGROUND" />
        <option name="FONT_TYPE" value="0" />
        <option name="EFFECT_COLOR" />
        <option name="EFFECT_TYPE" value="0" />
        <option name="ERROR_STRIPE_COLOR" />
      </value>
    </option>
    <option name="Class method call">
      <value>
        <option name="FOREGROUND" value="ffffff" />
        <option name="BACKGROUND" />
        <option name="FONT_TYPE" value="0" />
        <option name="EFFECT_COLOR" />
        <option name="EFFECT_TYPE" value="0" />
        <option name="ERROR_STRIPE_COLOR" />
      </value>
    </option>
    <option name="DIFF_CONFLICT">
      <value>
        <option name="FOREGROUND" />
        <option name="BACKGROUND" value="800000" />
        <option name="FONT_TYPE" value="0" />
        <option name="EFFECT_COLOR" />
        <option name="EFFECT_TYPE" value="0" />
        <option name="ERROR_STRIPE_COLOR" value="ff6647" />
      </value>
    </option>
    <option name="DIFF_DELETED">
      <value>
        <option name="FOREGROUND" />
        <option name="BACKGROUND" value="800000" />
        <option name="FONT_TYPE" value="0" />
        <option name="EFFECT_COLOR" />
        <option name="EFFECT_TYPE" value="0" />
        <option name="ERROR_STRIPE_COLOR" value="800000" />
      </value>
    </option>
    <option name="DIFF_INSERTED">
      <value>
        <option name="FOREGROUND" />
        <option name="BACKGROUND" value="295001" />
        <option name="FONT_TYPE" value="0" />
        <option name="EFFECT_COLOR" />
        <option name="EFFECT_TYPE" value="0" />
        <option name="ERROR_STRIPE_COLOR" value="2df32d" />
      </value>
    </option>
    <option name="DIFF_MODIFIED">
      <value>
        <option name="FOREGROUND" />
        <option name="BACKGROUND" value="33" />
        <option name="FONT_TYPE" value="0" />
        <option name="EFFECT_COLOR" />
        <option name="EFFECT_TYPE" value="0" />
        <option name="ERROR_STRIPE_COLOR" value="336df4" />
      </value>
    </option>
    <option name="DUPLICATE_FROM_SERVER">
      <value>
        <option name="FOREGROUND" value="ff00ff" />
        <option name="BACKGROUND" value="0" />
        <option name="FONT_TYPE" value="0" />
        <option name="EFFECT_COLOR" />
        <option name="EFFECT_TYPE" value="0" />
        <option name="ERROR_STRIPE_COLOR" />
      </value>
    </option>
    <option name="ERRORS_ATTRIBUTES">
      <value>
        <option name="FOREGROUND" />
        <option name="BACKGROUND" />
        <option name="FONT_TYPE" value="0" />
        <option name="EFFECT_COLOR" value="ff0000" />
        <option name="EFFECT_TYPE" value="1" />
        <option name="ERROR_STRIPE_COLOR" value="ff0000" />
      </value>
    </option>
    <option name="FOLDED_TEXT_ATTRIBUTES">
      <value>
        <option name="FOREGROUND" value="c3c3c3" />
        <option name="BACKGROUND" value="121212" />
        <option name="FONT_TYPE" value="1" />
        <option name="EFFECT_COLOR" />
        <option name="EFFECT_TYPE" value="1" />
        <option name="ERROR_STRIPE_COLOR" />
      </value>
    </option>
    <option name="FOLLOWED_HYPERLINK_ATTRIBUTES">
      <value>
        <option name="FOREGROUND" value="cfcf" />
        <option name="BACKGROUND" />
        <option name="FONT_TYPE" value="2" />
        <option name="EFFECT_COLOR" value="ff" />
        <option name="EFFECT_TYPE" value="1" />
        <option name="ERROR_STRIPE_COLOR" />
      </value>
    </option>
    <option name="HTML_ATTRIBUTE_NAME">
      <value>
        <option name="FOREGROUND" value="ff3300" />
        <option name="BACKGROUND" />
        <option name="FONT_TYPE" value="1" />
        <option name="EFFECT_COLOR" />
        <option name="EFFECT_TYPE" value="0" />
        <option name="ERROR_STRIPE_COLOR" />
      </value>
    </option>
    <option name="HTML_ATTRIBUTE_VALUE">
      <value>
        <option name="FOREGROUND" value="99ff" />
        <option name="BACKGROUND" />
        <option name="FONT_TYPE" value="1" />
        <option name="EFFECT_COLOR" />
        <option name="EFFECT_TYPE" value="0" />
        <option name="ERROR_STRIPE_COLOR" />
      </value>
    </option>
    <option name="HTML_ENTITY_REFERENCE">
      <value>
        <option name="FOREGROUND" value="8000" />
        <option name="BACKGROUND" />
        <option name="FONT_TYPE" value="1" />
        <option name="EFFECT_COLOR" />
        <option name="EFFECT_TYPE" value="0" />
        <option name="ERROR_STRIPE_COLOR" />
      </value>
    </option>
    <option name="HTML_TAG">
      <value>
        <option name="FOREGROUND" value="ffff00" />
        <option name="BACKGROUND" />
        <option name="FONT_TYPE" value="0" />
        <option name="EFFECT_COLOR" />
        <option name="EFFECT_TYPE" value="0" />
        <option name="ERROR_STRIPE_COLOR" />
      </value>
    </option>
    <option name="HTML_TAG_NAME">
      <value>
        <option name="FOREGROUND" value="33cc00" />
        <option name="BACKGROUND" />
        <option name="FONT_TYPE" value="1" />
        <option name="EFFECT_COLOR" />
        <option name="EFFECT_TYPE" value="0" />
        <option name="ERROR_STRIPE_COLOR" />
      </value>
    </option>
    <option name="IDENTIFIER_UNDER_CARET_ATTRIBUTES">
      <value>
        <option name="FOREGROUND" value="ffff00" />
        <option name="BACKGROUND" />
        <option name="FONT_TYPE" value="0" />
        <option name="EFFECT_COLOR" />
        <option name="EFFECT_TYPE" value="0" />
        <option name="ERROR_STRIPE_COLOR" value="ccccff" />
      </value>
    </option>
    <option name="IMPLICIT_ANONYMOUS_CLASS_PARAMETER_ATTRIBUTES">
      <value>
        <option name="FOREGROUND" value="808080" />
        <option name="BACKGROUND" />
        <option name="FONT_TYPE" value="0" />
        <option name="EFFECT_COLOR" />
        <option name="EFFECT_TYPE" value="0" />
        <option name="ERROR_STRIPE_COLOR" />
      </value>
    </option>
    <option name="INJECTED_LANGUAGE_FRAGMENT">
      <value>
        <option name="FOREGROUND" />
        <option name="BACKGROUND" value="121212" />
        <option name="FONT_TYPE" value="0" />
        <option name="EFFECT_COLOR" />
        <option name="EFFECT_TYPE" value="0" />
        <option name="ERROR_STRIPE_COLOR" />
      </value>
    </option>
    <option name="INSTANCE_FIELD_ATTRIBUTES">
      <value>
        <option name="FOREGROUND" value="c0c0c0" />
        <option name="BACKGROUND" />
        <option name="FONT_TYPE" value="1" />
        <option name="EFFECT_COLOR" />
        <option name="EFFECT_TYPE" value="0" />
        <option name="ERROR_STRIPE_COLOR" />
      </value>
    </option>
    <option name="INTERFACE_NAME_ATTRIBUTES">
      <value>
        <option name="FOREGROUND" value="46e328" />
        <option name="BACKGROUND" />
        <option name="FONT_TYPE" value="0" />
        <option name="EFFECT_COLOR" />
        <option name="EFFECT_TYPE" value="0" />
        <option name="ERROR_STRIPE_COLOR" />
      </value>
    </option>
    <option name="JAVA_BRACES">
      <value>
        <option name="FOREGROUND" value="808080" />
        <option name="BACKGROUND" />
        <option name="FONT_TYPE" value="0" />
        <option name="EFFECT_COLOR" />
        <option name="EFFECT_TYPE" value="0" />
        <option name="ERROR_STRIPE_COLOR" />
      </value>
    </option>
    <option name="JAVA_BRACKETS">
      <value>
        <option name="FOREGROUND" value="808080" />
        <option name="BACKGROUND" />
        <option name="FONT_TYPE" value="0" />
        <option name="EFFECT_COLOR" />
        <option name="EFFECT_TYPE" value="0" />
        <option name="ERROR_STRIPE_COLOR" />
      </value>
    </option>
    <option name="JAVA_COMMA">
      <value>
        <option name="FOREGROUND" value="808080" />
        <option name="BACKGROUND" />
        <option name="FONT_TYPE" value="0" />
        <option name="EFFECT_COLOR" />
        <option name="EFFECT_TYPE" value="0" />
        <option name="ERROR_STRIPE_COLOR" />
      </value>
    </option>
    <option name="JAVA_DOC_COMMENT">
      <value>
        <option name="FOREGROUND" value="808080" />
        <option name="BACKGROUND" value="0" />
        <option name="FONT_TYPE" value="2" />
        <option name="EFFECT_COLOR" />
        <option name="EFFECT_TYPE" value="0" />
        <option name="ERROR_STRIPE_COLOR" />
      </value>
    </option>
    <option name="JAVA_DOC_MARKUP">
      <value>
        <option name="FOREGROUND" value="ffffff" />
        <option name="BACKGROUND" value="0" />
        <option name="FONT_TYPE" value="0" />
        <option name="EFFECT_COLOR" />
        <option name="EFFECT_TYPE" value="0" />
        <option name="ERROR_STRIPE_COLOR" />
      </value>
    </option>
    <option name="JAVA_DOC_TAG">
      <value>
        <option name="FOREGROUND" value="ffffff" />
        <option name="BACKGROUND" />
        <option name="FONT_TYPE" value="1" />
        <option name="EFFECT_COLOR" value="808080" />
        <option name="EFFECT_TYPE" value="1" />
        <option name="ERROR_STRIPE_COLOR" />
      </value>
    </option>
    <option name="JAVA_DOT">
      <value>
        <option name="FOREGROUND" value="c0c0c0" />
        <option name="BACKGROUND" />
        <option name="FONT_TYPE" value="0" />
        <option name="EFFECT_COLOR" />
        <option name="EFFECT_TYPE" value="0" />
        <option name="ERROR_STRIPE_COLOR" />
      </value>
    </option>
    <option name="JAVA_INVALID_STRING_ESCAPE">
      <value>
        <option name="FOREGROUND" value="808000" />
        <option name="BACKGROUND" value="0" />
        <option name="FONT_TYPE" value="0" />
        <option name="EFFECT_COLOR" />
        <option name="EFFECT_TYPE" value="0" />
        <option name="ERROR_STRIPE_COLOR" />
      </value>
    </option>
    <option name="JAVA_KEYWORD">
      <value>
        <option name="FOREGROUND" value="e24b19" />
        <option name="BACKGROUND" />
        <option name="FONT_TYPE" value="1" />
        <option name="EFFECT_COLOR" />
        <option name="EFFECT_TYPE" value="0" />
        <option name="ERROR_STRIPE_COLOR" />
      </value>
    </option>
    <option name="JAVA_LINE_COMMENT">
      <value>
        <option name="FOREGROUND" value="666565" />
        <option name="BACKGROUND" />
        <option name="FONT_TYPE" value="2" />
        <option name="EFFECT_COLOR" />
        <option name="EFFECT_TYPE" value="0" />
        <option name="ERROR_STRIPE_COLOR" />
      </value>
    </option>
    <option name="JAVA_NUMBER">
      <value>
        <option name="FOREGROUND" value="5454de" />
        <option name="BACKGROUND" />
        <option name="FONT_TYPE" value="0" />
        <option name="EFFECT_COLOR" />
        <option name="EFFECT_TYPE" value="0" />
        <option name="ERROR_STRIPE_COLOR" />
      </value>
    </option>
    <option name="JAVA_OPERATION_SIGN">
      <value>
        <option name="FOREGROUND" value="808080" />
        <option name="BACKGROUND" />
        <option name="FONT_TYPE" value="0" />
        <option name="EFFECT_COLOR" />
        <option name="EFFECT_TYPE" value="0" />
        <option name="ERROR_STRIPE_COLOR" />
      </value>
    </option>
    <option name="JAVA_PARENTH">
      <value>
        <option name="FOREGROUND" value="808080" />
        <option name="BACKGROUND" />
        <option name="FONT_TYPE" value="0" />
        <option name="EFFECT_COLOR" />
        <option name="EFFECT_TYPE" value="0" />
        <option name="ERROR_STRIPE_COLOR" />
      </value>
    </option>
    <option name="JAVA_SEMICOLON">
      <value>
        <option name="FOREGROUND" value="808080" />
        <option name="BACKGROUND" />
        <option name="FONT_TYPE" value="0" />
        <option name="EFFECT_COLOR" />
        <option name="EFFECT_TYPE" value="0" />
        <option name="ERROR_STRIPE_COLOR" />
      </value>
    </option>
    <option name="JAVA_VALID_STRING_ESCAPE">
      <value>
        <option name="FOREGROUND" value="ffff00" />
        <option name="BACKGROUND" />
        <option name="FONT_TYPE" value="1" />
        <option name="EFFECT_COLOR" />
        <option name="EFFECT_TYPE" value="0" />
        <option name="ERROR_STRIPE_COLOR" />
      </value>
    </option>
    <option name="Keyword">
      <value>
        <option name="FOREGROUND" value="c15904" />
        <option name="BACKGROUND" />
        <option name="FONT_TYPE" value="1" />
        <option name="EFFECT_COLOR" />
        <option name="EFFECT_TYPE" value="0" />
        <option name="ERROR_STRIPE_COLOR" />
      </value>
    </option>
    <option name="LOCAL_VARIABLE_ATTRIBUTES">
      <value>
        <option name="FOREGROUND" value="808080" />
        <option name="BACKGROUND" />
        <option name="FONT_TYPE" value="0" />
        <option name="EFFECT_COLOR" />
        <option name="EFFECT_TYPE" value="0" />
        <option name="ERROR_STRIPE_COLOR" />
      </value>
    </option>
    <option name="Local lazy val/var">
      <value>
        <option name="FOREGROUND" value="cccc00" />
        <option name="BACKGROUND" />
        <option name="FONT_TYPE" value="0" />
        <option name="EFFECT_COLOR" />
        <option name="EFFECT_TYPE" value="0" />
        <option name="ERROR_STRIPE_COLOR" />
      </value>
    </option>
    <option name="Local method call">
      <value>
        <option name="FOREGROUND" value="c0c0c0" />
        <option name="BACKGROUND" />
        <option name="FONT_TYPE" value="0" />
        <option name="EFFECT_COLOR" />
        <option name="EFFECT_TYPE" value="0" />
        <option name="ERROR_STRIPE_COLOR" />
      </value>
    </option>
    <option name="Local value">
      <value>
        <option name="FOREGROUND" value="c0c0c0" />
        <option name="BACKGROUND" />
        <option name="FONT_TYPE" value="0" />
        <option name="EFFECT_COLOR" />
        <option name="EFFECT_TYPE" value="0" />
        <option name="ERROR_STRIPE_COLOR" />
      </value>
    </option>
    <option name="Local variable">
      <value>
        <option name="FOREGROUND" value="ffffff" />
        <option name="BACKGROUND" />
        <option name="FONT_TYPE" value="0" />
        <option name="EFFECT_COLOR" />
        <option name="EFFECT_TYPE" value="0" />
        <option name="ERROR_STRIPE_COLOR" />
      </value>
    </option>
    <option name="MATCHED_BRACE_ATTRIBUTES">
      <value>
        <option name="FOREGROUND" value="ffff00" />
        <option name="BACKGROUND" />
        <option name="FONT_TYPE" value="0" />
        <option name="EFFECT_COLOR" />
        <option name="EFFECT_TYPE" value="0" />
        <option name="ERROR_STRIPE_COLOR" />
      </value>
    </option>
    <option name="METHOD_CALL_ATTRIBUTES">
      <value>
        <option name="FOREGROUND" value="ffffff" />
        <option name="BACKGROUND" />
        <option name="FONT_TYPE" value="0" />
        <option name="EFFECT_COLOR" />
        <option name="EFFECT_TYPE" value="0" />
        <option name="ERROR_STRIPE_COLOR" />
      </value>
    </option>
    <option name="METHOD_DECLARATION_ATTRIBUTES">
      <value>
        <option name="FOREGROUND" value="ffffff" />
        <option name="BACKGROUND" />
        <option name="FONT_TYPE" value="0" />
        <option name="EFFECT_COLOR" />
        <option name="EFFECT_TYPE" value="0" />
        <option name="ERROR_STRIPE_COLOR" />
      </value>
    </option>
    <option name="Method declaration">
      <value>
        <option name="FOREGROUND" value="ffffff" />
        <option name="BACKGROUND" />
        <option name="FONT_TYPE" value="0" />
        <option name="EFFECT_COLOR" />
        <option name="EFFECT_TYPE" value="0" />
        <option name="ERROR_STRIPE_COLOR" />
      </value>
    </option>
    <option name="NOT_USED_ELEMENT_ATTRIBUTES">
      <value>
        <option name="FOREGROUND" value="808080" />
        <option name="BACKGROUND" />
        <option name="FONT_TYPE" value="0" />
        <option name="EFFECT_COLOR" value="808080" />
        <option name="EFFECT_TYPE" value="1" />
        <option name="ERROR_STRIPE_COLOR" />
      </value>
    </option>
    <option name="Object">
      <value>
        <option name="FOREGROUND" value="5fda37" />
        <option name="BACKGROUND" />
        <option name="FONT_TYPE" value="0" />
        <option name="EFFECT_COLOR" />
        <option name="EFFECT_TYPE" value="0" />
        <option name="ERROR_STRIPE_COLOR" />
      </value>
    </option>
    <option name="Object method call">
      <value>
        <option name="FOREGROUND" value="ffffff" />
        <option name="BACKGROUND" />
        <option name="FONT_TYPE" value="2" />
        <option name="EFFECT_COLOR" />
        <option name="EFFECT_TYPE" value="0" />
        <option name="ERROR_STRIPE_COLOR" />
      </value>
    </option>
    <option name="PARAMETER_ATTRIBUTES">
      <value>
        <option name="FOREGROUND" value="c0c0c0" />
        <option name="BACKGROUND" />
        <option name="FONT_TYPE" value="0" />
        <option name="EFFECT_COLOR" />
        <option name="EFFECT_TYPE" value="0" />
        <option name="ERROR_STRIPE_COLOR" />
      </value>
    </option>
    <option name="PROPERTIES.INVALID_STRING_ESCAPE">
      <value>
        <option name="FOREGROUND" value="ffff00" />
        <option name="BACKGROUND" value="0" />
        <option name="FONT_TYPE" value="0" />
        <option name="EFFECT_COLOR" />
        <option name="EFFECT_TYPE" value="0" />
        <option name="ERROR_STRIPE_COLOR" />
      </value>
    </option>
    <option name="PROPERTIES.KEY">
      <value>
        <option name="FOREGROUND" value="ffffff" />
        <option name="BACKGROUND" />
        <option name="FONT_TYPE" value="1" />
        <option name="EFFECT_COLOR" />
        <option name="EFFECT_TYPE" value="1" />
        <option name="ERROR_STRIPE_COLOR" />
      </value>
    </option>
    <option name="PROPERTIES.VALID_STRING_ESCAPE">
      <value>
        <option name="FOREGROUND" value="c0c0c0" />
        <option name="BACKGROUND" />
        <option name="FONT_TYPE" value="1" />
        <option name="EFFECT_COLOR" />
        <option name="EFFECT_TYPE" value="0" />
        <option name="ERROR_STRIPE_COLOR" />
      </value>
    </option>
    <option name="Parameter">
      <value>
        <option name="FOREGROUND" value="c0c0c0" />
        <option name="BACKGROUND" />
        <option name="FONT_TYPE" value="0" />
        <option name="EFFECT_COLOR" />
        <option name="EFFECT_TYPE" value="0" />
        <option name="ERROR_STRIPE_COLOR" />
      </value>
    </option>
    <option name="Pattern value">
      <value>
        <option name="FOREGROUND" value="c0c0c0" />
        <option name="BACKGROUND" />
        <option name="FONT_TYPE" value="0" />
        <option name="EFFECT_COLOR" />
        <option name="EFFECT_TYPE" value="0" />
        <option name="ERROR_STRIPE_COLOR" />
      </value>
    </option>
    <option name="Predefined types">
      <value>
        <option name="FOREGROUND" value="5fda37" />
        <option name="BACKGROUND" />
        <option name="FONT_TYPE" value="0" />
        <option name="EFFECT_COLOR" />
        <option name="EFFECT_TYPE" value="0" />
        <option name="ERROR_STRIPE_COLOR" />
      </value>
    </option>
    <option name="REASSIGNED_LOCAL_VARIABLE_ATTRIBUTES">
      <value>
        <option name="FOREGROUND" value="c0c0c0" />
        <option name="BACKGROUND" />
        <option name="FONT_TYPE" value="0" />
        <option name="EFFECT_COLOR" />
        <option name="EFFECT_TYPE" value="0" />
        <option name="ERROR_STRIPE_COLOR" />
      </value>
    </option>
    <option name="REASSIGNED_PARAMETER_ATTRIBUTES">
      <value>
        <option name="FOREGROUND" value="808080" />
        <option name="BACKGROUND" />
        <option name="FONT_TYPE" value="0" />
        <option name="EFFECT_COLOR" />
        <option name="EFFECT_TYPE" value="0" />
        <option name="ERROR_STRIPE_COLOR" />
      </value>
    </option>
    <option name="SEARCH_RESULT_ATTRIBUTES">
      <value>
        <option name="FOREGROUND" />
        <option name="BACKGROUND" value="121212" />
        <option name="FONT_TYPE" value="0" />
        <option name="EFFECT_COLOR" />
        <option name="EFFECT_TYPE" value="0" />
        <option name="ERROR_STRIPE_COLOR" />
      </value>
    </option>
    <option name="STATIC_FIELD_ATTRIBUTES">
      <value>
        <option name="FOREGROUND" value="c0c0c0" />
        <option name="BACKGROUND" />
        <option name="FONT_TYPE" value="3" />
        <option name="EFFECT_COLOR" />
        <option name="EFFECT_TYPE" value="0" />
        <option name="ERROR_STRIPE_COLOR" />
      </value>
    </option>
    <option name="STATIC_METHOD_ATTRIBUTES">
      <value>
        <option name="FOREGROUND" value="ffffff" />
        <option name="BACKGROUND" />
        <option name="FONT_TYPE" value="2" />
        <option name="EFFECT_COLOR" />
        <option name="EFFECT_TYPE" value="0" />
        <option name="ERROR_STRIPE_COLOR" />
      </value>
    </option>
    <option name="Scala Braces">
      <value>
        <option name="FOREGROUND" value="808080" />
        <option name="BACKGROUND" />
        <option name="FONT_TYPE" value="0" />
        <option name="EFFECT_COLOR" />
        <option name="EFFECT_TYPE" value="0" />
        <option name="ERROR_STRIPE_COLOR" />
      </value>
    </option>
    <option name="Scala Number">
      <value>
        <option name="FOREGROUND" value="445bff" />
        <option name="BACKGROUND" />
        <option name="FONT_TYPE" value="0" />
        <option name="EFFECT_COLOR" />
        <option name="EFFECT_TYPE" value="0" />
        <option name="ERROR_STRIPE_COLOR" />
      </value>
    </option>
    <option name="Scala Parentheses">
      <value>
        <option name="FOREGROUND" value="808080" />
        <option name="BACKGROUND" />
        <option name="FONT_TYPE" value="0" />
        <option name="EFFECT_COLOR" />
        <option name="EFFECT_TYPE" value="0" />
        <option name="ERROR_STRIPE_COLOR" />
      </value>
    </option>
    <option name="Scala String">
      <value>
        <option name="FOREGROUND" value="48c04" />
        <option name="BACKGROUND" />
        <option name="FONT_TYPE" value="2" />
        <option name="EFFECT_COLOR" />
        <option name="EFFECT_TYPE" value="0" />
        <option name="ERROR_STRIPE_COLOR" />
      </value>
    </option>
    <option name="ScalaDoc comment">
      <value>
        <option name="FOREGROUND" value="1616de" />
        <option name="BACKGROUND" />
        <option name="FONT_TYPE" value="2" />
        <option name="EFFECT_COLOR" />
        <option name="EFFECT_TYPE" value="0" />
        <option name="ERROR_STRIPE_COLOR" />
      </value>
    </option>
    <option name="ScalaDoc comment tag">
      <value>
        <option name="FOREGROUND" value="ff" />
        <option name="BACKGROUND" />
        <option name="FONT_TYPE" value="1" />
        <option name="EFFECT_COLOR" />
        <option name="EFFECT_TYPE" value="1" />
        <option name="ERROR_STRIPE_COLOR" />
      </value>
    </option>
    <option name="TEMPLATE_VARIABLE_ATTRIBUTES">
      <value>
        <option name="FOREGROUND" value="7f0000" />
        <option name="BACKGROUND" value="121212" />
        <option name="FONT_TYPE" value="3" />
        <option name="EFFECT_COLOR" />
        <option name="EFFECT_TYPE" value="0" />
        <option name="ERROR_STRIPE_COLOR" />
      </value>
    </option>
    <option name="TEXT">
      <value>
        <option name="FOREGROUND" value="c0c0c0" />
        <option name="BACKGROUND" value="161515" />
        <option name="FONT_TYPE" value="0" />
        <option name="EFFECT_COLOR" />
        <option name="EFFECT_TYPE" value="0" />
        <option name="ERROR_STRIPE_COLOR" />
      </value>
    </option>
    <option name="TEXT_SEARCH_RESULT_ATTRIBUTES">
      <value>
        <option name="FOREGROUND" value="ffffff" />
        <option name="BACKGROUND" value="ff" />
        <option name="FONT_TYPE" value="0" />
        <option name="EFFECT_COLOR" />
        <option name="EFFECT_TYPE" value="0" />
        <option name="ERROR_STRIPE_COLOR" />
      </value>
    </option>
    <option name="TYPE_PARAMETER_NAME_ATTRIBUTES">
      <value>
        <option name="FOREGROUND" value="46e328" />
        <option name="BACKGROUND" />
        <option name="FONT_TYPE" value="0" />
        <option name="EFFECT_COLOR" />
        <option name="EFFECT_TYPE" value="0" />
        <option name="ERROR_STRIPE_COLOR" />
      </value>
    </option>
    <option name="Template lazy val/var">
      <value>
        <option name="FOREGROUND" value="c0c0c0" />
        <option name="BACKGROUND" />
        <option name="FONT_TYPE" value="3" />
        <option name="EFFECT_COLOR" />
        <option name="EFFECT_TYPE" value="0" />
        <option name="ERROR_STRIPE_COLOR" />
      </value>
    </option>
    <option name="Template val">
      <value>
        <option name="FOREGROUND" value="c0c0c0" />
        <option name="BACKGROUND" />
        <option name="FONT_TYPE" value="1" />
        <option name="EFFECT_COLOR" />
        <option name="EFFECT_TYPE" value="0" />
        <option name="ERROR_STRIPE_COLOR" />
      </value>
    </option>
    <option name="Template var">
      <value>
        <option name="FOREGROUND" value="c0c0c0" />
        <option name="BACKGROUND" />
        <option name="FONT_TYPE" value="3" />
        <option name="EFFECT_COLOR" />
        <option name="EFFECT_TYPE" value="0" />
        <option name="ERROR_STRIPE_COLOR" />
      </value>
    </option>
    <option name="Trait">
      <value>
        <option name="FOREGROUND" value="5fda37" />
        <option name="BACKGROUND" />
        <option name="FONT_TYPE" value="0" />
        <option name="EFFECT_COLOR" />
        <option name="EFFECT_TYPE" value="0" />
        <option name="ERROR_STRIPE_COLOR" />
      </value>
    </option>
    <option name="Type Alias">
      <value>
        <option name="FOREGROUND" value="5fda37" />
        <option name="BACKGROUND" />
        <option name="FONT_TYPE" value="0" />
        <option name="EFFECT_COLOR" />
        <option name="EFFECT_TYPE" value="0" />
        <option name="ERROR_STRIPE_COLOR" />
      </value>
    </option>
    <option name="Type parameter">
      <value>
        <option name="FOREGROUND" value="5fda37" />
        <option name="BACKGROUND" />
        <option name="FONT_TYPE" value="0" />
        <option name="EFFECT_COLOR" />
        <option name="EFFECT_TYPE" value="0" />
        <option name="ERROR_STRIPE_COLOR" />
      </value>
    </option>
    <option name="UNMATCHED_BRACE_ATTRIBUTES">
      <value>
        <option name="FOREGROUND" value="ffffff" />
        <option name="BACKGROUND" value="ffdcdc" />
        <option name="FONT_TYPE" value="0" />
        <option name="EFFECT_COLOR" />
        <option name="EFFECT_TYPE" value="0" />
        <option name="ERROR_STRIPE_COLOR" />
      </value>
    </option>
    <option name="WARNING_ATTRIBUTES">
      <value>
        <option name="FOREGROUND" value="c0c0c0" />
        <option name="BACKGROUND" value="0" />
        <option name="FONT_TYPE" value="0" />
        <option name="EFFECT_COLOR" value="808000" />
        <option name="EFFECT_TYPE" value="1" />
        <option name="ERROR_STRIPE_COLOR" />
      </value>
    </option>
    <option name="WRITE_IDENTIFIER_UNDER_CARET_ATTRIBUTES">
      <value>
        <option name="FOREGROUND" />
        <option name="BACKGROUND" value="121212" />
        <option name="FONT_TYPE" value="0" />
        <option name="EFFECT_COLOR" />
        <option name="EFFECT_TYPE" value="0" />
        <option name="ERROR_STRIPE_COLOR" value="ffcdff" />
      </value>
    </option>
    <option name="WRITE_SEARCH_RESULT_ATTRIBUTES">
      <value>
        <option name="FOREGROUND" />
        <option name="BACKGROUND" value="121212" />
        <option name="FONT_TYPE" value="0" />
        <option name="EFFECT_COLOR" />
        <option name="EFFECT_TYPE" value="0" />
        <option name="ERROR_STRIPE_COLOR" />
      </value>
    </option>
    <option name="WRONG_REFERENCES_ATTRIBUTES">
      <value>
        <option name="FOREGROUND" value="ff0000" />
        <option name="BACKGROUND" />
        <option name="FONT_TYPE" value="0" />
        <option name="EFFECT_COLOR" value="ff0000" />
        <option name="EFFECT_TYPE" value="1" />
        <option name="ERROR_STRIPE_COLOR" />
      </value>
    </option>
    <option name="XML_ATTRIBUTE_NAME">
      <value>
        <option name="FOREGROUND" value="cc3300" />
        <option name="BACKGROUND" />
        <option name="FONT_TYPE" value="1" />
        <option name="EFFECT_COLOR" />
        <option name="EFFECT_TYPE" value="0" />
        <option name="ERROR_STRIPE_COLOR" />
      </value>
    </option>
    <option name="XML_ENTITY_REFERENCE">
      <value>
        <option name="FOREGROUND" value="800080" />
        <option name="BACKGROUND" />
        <option name="FONT_TYPE" value="1" />
        <option name="EFFECT_COLOR" />
        <option name="EFFECT_TYPE" value="0" />
        <option name="ERROR_STRIPE_COLOR" />
      </value>
    </option>
    <option name="XML_TAG">
      <value>
        <option name="FOREGROUND" value="808000" />
        <option name="BACKGROUND" value="0" />
        <option name="FONT_TYPE" value="0" />
        <option name="EFFECT_COLOR" />
        <option name="EFFECT_TYPE" value="0" />
        <option name="ERROR_STRIPE_COLOR" />
      </value>
    </option>
    <option name="XML_TAG_NAME">
      <value>
        <option name="FOREGROUND" value="8000" />
        <option name="BACKGROUND" />
        <option name="FONT_TYPE" value="1" />
        <option name="EFFECT_COLOR" />
        <option name="EFFECT_TYPE" value="0" />
        <option name="ERROR_STRIPE_COLOR" />
      </value>
    </option>
  </attributes>
</scheme>

