<application>
  <component name="ExternalResourceManagerImpl">
    <ignored-resource url="http://ibatis.apache.org/dtd/ibatis-3-config.dtd" />
    <ignored-resource url="http://jakarta.apache.org/log4j/" />
    <ignored-resource url="http://www.springframework.org/schema/data/jpa" />
    <ignored-resource url="http://www.springframework.org/schema/jdbc" />
    <ignored-resource url="http://www.springframework.org/schema/jms" />
    <ignored-resource url="http://www.springframework.org/schema/tx" />
    <ignored-resource url="http://www.springframework.org/schema/tx/spring-mvc-3.2.xsd" />
  </component>
</application>