<application>
  <component name="MaterialThemeConfig">
    <option name="compactSidebar" value="true" />
    <option name="isWizardShown" value="true" />
    <option name="customSidebarHeight" value="24" />
    <option name="settingsSelectedTab" value="3" />
    <option name="tabsHeight" value="22" />
    <option name="accentColor" value="ffd866" />
    <option name="highlightColor" value="80cbc4" />
    <option name="selectedTheme" value="MONOKAI" />
    <option name="userId" value="1e8e25a4:166639edd63:-8000" />
    <option name="version" value="4.11.5" />
  </component>
</application>