<application>
  <component name="ProjectManager">
    <defaultProject>
      <component name="CheckStyle-IDEA">
        <option name="configuration">
          <map>
            <entry key="checkstyle-version" value="8.8" />
            <entry key="copy-libs" value="true" />
            <entry key="location-0" value="BUNDLED:(bundled):Sun Checks" />
            <entry key="location-1" value="BUNDLED:(bundled):Google Checks" />
            <entry key="scan-before-checkin" value="false" />
            <entry key="scanscope" value="JavaOnly" />
            <entry key="suppress-errors" value="false" />
          </map>
        </option>
      </component>
      <component name="CheckStyle-IDEA-workspace">
        <option name="configuration">
          <map>
            <entry key="last-active-plugin-version" value="5.18.6" />
          </map>
        </option>
      </component>
      <component name="Encoding" defaultCharsetForPropertiesFiles="UTF-8" addBOMForNewFiles="with NO BOM">
        <file url="PROJECT" charset="UTF-8" />
      </component>
      <component name="GradleLocalSettings">
        <option name="projectSyncType">
          <map>
            <entry key="$USER_HOME$/Desktop/Code/Fork/spring-framework" value="PREVIEW" />
            <entry key="$USER_HOME$/Desktop/Code/spring-framework" value="PREVIEW" />
            <entry key="$USER_HOME$/Desktop/junit5-master" value="PREVIEW" />
          </map>
        </option>
      </component>
      <component name="InspectionProjectProfileManager">
        <profile version="1.0">
          <option name="myName" value="Project Default" />
          <inspection_tool class="JavaDoc" enabled="false" level="WARNING" enabled_by_default="false">
            <option name="TOP_LEVEL_CLASS_OPTIONS">
              <value>
                <option name="ACCESS_JAVADOC_REQUIRED_FOR" value="none" />
                <option name="REQUIRED_TAGS" value="" />
              </value>
            </option>
            <option name="INNER_CLASS_OPTIONS">
              <value>
                <option name="ACCESS_JAVADOC_REQUIRED_FOR" value="none" />
                <option name="REQUIRED_TAGS" value="" />
              </value>
            </option>
            <option name="METHOD_OPTIONS">
              <value>
                <option name="ACCESS_JAVADOC_REQUIRED_FOR" value="none" />
                <option name="REQUIRED_TAGS" value="@return@param@throws or @exception" />
              </value>
            </option>
            <option name="FIELD_OPTIONS">
              <value>
                <option name="ACCESS_JAVADOC_REQUIRED_FOR" value="none" />
                <option name="REQUIRED_TAGS" value="" />
              </value>
            </option>
            <option name="IGNORE_DEPRECATED" value="false" />
            <option name="IGNORE_JAVADOC_PERIOD" value="true" />
            <option name="IGNORE_DUPLICATED_THROWS" value="false" />
            <option name="IGNORE_POINT_TO_ITSELF" value="false" />
            <option name="myAdditionalJavadocTags" value="" />
          </inspection_tool>
          <inspection_tool class="SerializableHasSerialVersionUIDField" enabled="true" level="ERROR" enabled_by_default="true">
            <option name="ignoreAnonymousInnerClasses" value="false" />
            <option name="superClassString" value="" />
          </inspection_tool>
          <inspection_tool class="SpringJavaAutowiringInspection" enabled="true" level="WARNING" enabled_by_default="true" />
          <inspection_tool class="SqlDialectInspection" enabled="false" level="WARNING" enabled_by_default="false" />
        </profile>
        <version value="1.0" />
      </component>
      <component name="JUnitGeneratorProjectSettings">
        <option name="combineGetterAndSetter" value="true" />
        <option name="selectedTemplateKey" value="JUnit 4" />
      </component>
      <component name="JavaDocConfiguration">
        <GENERAL>
          <MODE>UPDATE</MODE>
          <OVERRIDDEN_METHODS>false</OVERRIDDEN_METHODS>
          <SPLITTED_CLASS_NAME>true</SPLITTED_CLASS_NAME>
          <LEVELS>
            <LEVEL>METHOD</LEVEL>
            <LEVEL>FIELD</LEVEL>
            <LEVEL>TYPE</LEVEL>
          </LEVELS>
          <VISIBILITIES>
            <VISIBILITY>DEFAULT</VISIBILITY>
            <VISIBILITY>PUBLIC</VISIBILITY>
            <VISIBILITY>PROTECTED</VISIBILITY>
          </VISIBILITIES>
        </GENERAL>
        <TEMPLATES>
          <CLASSES>
            <CLASS>
              <KEY>^.*(public|protected|private)*.+interface\s+\w+.*</KEY>
              <VALUE>/**\n
 * The interface ${name}.\n
&lt;#if element.typeParameters?has_content&gt;        * \n
&lt;/#if&gt;
&lt;#list element.typeParameters as typeParameter&gt;
        * @param &lt;${typeParameter.name}&gt; the type parameter\n
&lt;/#list&gt;
 */</VALUE>
            </CLASS>
            <CLASS>
              <KEY>^.*(public|protected|private)*.+enum\s+\w+.*</KEY>
              <VALUE>/**\n
 * The enum ${name}.\n
 */</VALUE>
            </CLASS>
            <CLASS>
              <KEY>^.*(public|protected|private)*.+class\s+\w+.*</KEY>
              <VALUE>/**\n
 * The type ${name}.\n
&lt;#if element.typeParameters?has_content&gt;        * \n
&lt;/#if&gt;
&lt;#list element.typeParameters as typeParameter&gt;
        * @param &lt;${typeParameter.name}&gt; the type parameter\n
&lt;/#list&gt;
 */</VALUE>
            </CLASS>
            <CLASS>
              <KEY>.+</KEY>
              <VALUE>/**\n
 * The type ${name}.\n
 */</VALUE>
            </CLASS>
          </CLASSES>
          <CONSTRUCTORS>
            <CONSTRUCTOR>
              <KEY>.+</KEY>
              <VALUE>/**\n
 * Instantiates a new ${name}.\n
&lt;#if element.parameterList.parameters?has_content&gt;
         *\n
&lt;/#if&gt;
&lt;#list element.parameterList.parameters as parameter&gt;
         * @param ${parameter.name} the ${paramNames[parameter.name]}\n
&lt;/#list&gt;
&lt;#if element.throwsList.referenceElements?has_content&gt;
         *\n
&lt;/#if&gt;
&lt;#list element.throwsList.referenceElements as exception&gt;
         * @throws ${exception.referenceName} the ${exceptionNames[exception.referenceName]}\n
&lt;/#list&gt;
 */</VALUE>
            </CONSTRUCTOR>
          </CONSTRUCTORS>
          <METHODS>
            <METHOD>
              <KEY>^.*(public|protected|private)*\s*.*(\w(\s*&lt;.+&gt;)*)+\s+get\w+\s*\(.*\).+</KEY>
              <VALUE>/**\n
 * Gets ${partName}.\n
&lt;#if element.typeParameters?has_content&gt;         * \n
&lt;/#if&gt;
&lt;#list element.typeParameters as typeParameter&gt;
         * @param &lt;${typeParameter.name}&gt; the type parameter\n
&lt;/#list&gt;
&lt;#if element.parameterList.parameters?has_content&gt;
         *\n
&lt;/#if&gt;
&lt;#list element.parameterList.parameters as parameter&gt;
         * @param ${parameter.name} the ${paramNames[parameter.name]}\n
&lt;/#list&gt;
&lt;#if isNotVoid&gt;
         *\n
         * @return the ${partName}\n
&lt;/#if&gt;
&lt;#if element.throwsList.referenceElements?has_content&gt;
         *\n
&lt;/#if&gt;
&lt;#list element.throwsList.referenceElements as exception&gt;
         * @throws ${exception.referenceName} the ${exceptionNames[exception.referenceName]}\n
&lt;/#list&gt;
 */</VALUE>
            </METHOD>
            <METHOD>
              <KEY>^.*(public|protected|private)*\s*.*(void|\w(\s*&lt;.+&gt;)*)+\s+set\w+\s*\(.*\).+</KEY>
              <VALUE>/**\n
 * Sets ${partName}.\n
&lt;#if element.typeParameters?has_content&gt;         * \n
&lt;/#if&gt;
&lt;#list element.typeParameters as typeParameter&gt;
         * @param &lt;${typeParameter.name}&gt; the type parameter\n
&lt;/#list&gt;
&lt;#if element.parameterList.parameters?has_content&gt;
         *\n
&lt;/#if&gt;
&lt;#list element.parameterList.parameters as parameter&gt;
         * @param ${parameter.name} the ${paramNames[parameter.name]}\n
&lt;/#list&gt;
&lt;#if isNotVoid&gt;
         *\n
         * @return the ${partName}\n
&lt;/#if&gt;
&lt;#if element.throwsList.referenceElements?has_content&gt;
         *\n
&lt;/#if&gt;
&lt;#list element.throwsList.referenceElements as exception&gt;
         * @throws ${exception.referenceName} the ${exceptionNames[exception.referenceName]}\n
&lt;/#list&gt;
 */</VALUE>
            </METHOD>
            <METHOD>
              <KEY>^.*((public\s+static)|(static\s+public))\s+void\s+main\s*\(\s*String\s*(\[\s*\]|\.\.\.)\s+\w+\s*\).+</KEY>
              <VALUE>/**\n
 * The entry point of application.\n

     &lt;#if element.parameterList.parameters?has_content&gt;
         *\n
&lt;/#if&gt;
     * @param ${element.parameterList.parameters[0].name} the input arguments\n
&lt;#if element.throwsList.referenceElements?has_content&gt;
         *\n
&lt;/#if&gt;
&lt;#list element.throwsList.referenceElements as exception&gt;
         * @throws ${exception.referenceName} the ${exceptionNames[exception.referenceName]}\n
&lt;/#list&gt;
 */</VALUE>
            </METHOD>
            <METHOD>
              <KEY>.+</KEY>
              <VALUE>/**\n
 * ${name}&lt;#if isNotVoid&gt; ${return}&lt;/#if&gt;.\n
&lt;#if element.typeParameters?has_content&gt;         * \n
&lt;/#if&gt;
&lt;#list element.typeParameters as typeParameter&gt;
         * @param &lt;${typeParameter.name}&gt; the type parameter\n
&lt;/#list&gt;
&lt;#if element.parameterList.parameters?has_content&gt;
         *\n
&lt;/#if&gt;
&lt;#list element.parameterList.parameters as parameter&gt;
         * @param ${parameter.name} the ${paramNames[parameter.name]}\n
&lt;/#list&gt;
&lt;#if isNotVoid&gt;
         *\n
         * @return the ${return}\n
&lt;/#if&gt;
&lt;#if element.throwsList.referenceElements?has_content&gt;
         *\n
&lt;/#if&gt;
&lt;#list element.throwsList.referenceElements as exception&gt;
         * @throws ${exception.referenceName} the ${exceptionNames[exception.referenceName]}\n
&lt;/#list&gt;
 */</VALUE>
            </METHOD>
          </METHODS>
          <FIELDS>
            <FIELD>
              <KEY>^.*(public|protected|private)*.+static.*(\w\s\w)+.+</KEY>
              <VALUE>/**\n
 * The constant ${element.getName()}.\n
 */</VALUE>
            </FIELD>
            <FIELD>
              <KEY>^.*(public|protected|private)*.*(\w\s\w)+.+</KEY>
              <VALUE>/**\n
    &lt;#if element.parent.isInterface()&gt;
        * The constant ${element.getName()}.\n
&lt;#else&gt;
        * The ${name}.\n
&lt;/#if&gt; */</VALUE>
            </FIELD>
            <FIELD>
              <KEY>.+</KEY>
              <VALUE>/**\n
    &lt;#if element.parent.isEnum()&gt;
        *${name} ${typeName}.\n
&lt;#else&gt;
        * The ${name}.\n
&lt;/#if&gt;*/</VALUE>
            </FIELD>
          </FIELDS>
        </TEMPLATES>
      </component>
      <component name="MavenImportPreferences">
        <option name="generalSettings">
          <MavenGeneralSettings>
            <option name="mavenHome" value="D:/App/Dev/Build/Maven" />
            <option name="userSettingsFile" value="D:\App\Dev\Build\Maven\conf\settings.xml" />
          </MavenGeneralSettings>
        </option>
      </component>
      <component name="ProjectRootManager" version="2" languageLevel="JDK_1_8" project-jdk-name="1.8" project-jdk-type="JavaSDK" />
      <component name="PropertiesComponent">
        <property name="MVP_HELPER_KEY_SUFFIX" value="" />
        <property name="last_opened_file_path" value="C:/Program Files/Java/jdk8/161/jdk/bin/jvisualvm.exe" />
        <property name="nodejs_interpreter_path.stuck_in_default_project" value="undefined stuck path" />
        <property name="nodejs_npm_path_reset_for_default_project" value="true" />
        <property name="project.structure.last.edited" value="Global Libraries" />
        <property name="project.structure.proportion" value="0.15" />
        <property name="project.structure.side.proportion" value="0.2" />
        <property name="settings.editor.selected.configurable" value="configurable.group.other" />
      </component>
      <component name="RunManager">
        <configuration default="true" type="Application" factoryName="Application">
          <option name="WORKING_DIRECTORY" value="$PROJECT_DIR$" />
          <method v="2">
            <option name="Make" enabled="true" />
          </method>
        </configuration>
        <configuration default="true" type="JUnit" factoryName="JUnit">
          <option name="TEST_OBJECT" value="class" />
          <option name="WORKING_DIRECTORY" value="%MODULE_WORKING_DIR%" />
          <method v="2">
            <option name="Make" enabled="true" />
          </method>
        </configuration>
        <configuration default="true" type="TestNG">
          <option name="TEST_OBJECT" value="CLASS" />
          <option name="WORKING_DIRECTORY" value="%MODULE_WORKING_DIR%" />
          <properties />
          <listeners />
          <method v="2">
            <option name="Make" enabled="true" />
          </method>
        </configuration>
      </component>
      <component name="SaveActionSettings">
        <option name="actions">
          <set>
            <option value="activateOnShortcut" />
            <option value="organizeImports" />
            <option value="reformat" />
            <option value="rearrange" />
            <option value="missingOverrideAnnotation" />
            <option value="unnecessaryThis" />
            <option value="finalPrivateMethod" />
            <option value="unnecessaryFinalOnLocalVariableOrParameter" />
            <option value="explicitTypeCanBeDiamond" />
            <option value="unnecessarySemicolon" />
          </set>
        </option>
        <option name="configurationPath" value="" />
      </component>
      <component name="masterDetails">
        <states>
          <state key="Copyright.UI">
            <settings>
              <splitter-proportions>
                <option name="proportions">
                  <list>
                    <option value="0.2" />
                  </list>
                </option>
              </splitter-proportions>
            </settings>
          </state>
          <state key="GlobalLibrariesConfigurable.UI">
            <settings>
              <last-edited>scala-sdk-2.12.6</last-edited>
              <splitter-proportions>
                <option name="proportions">
                  <list>
                    <option value="0.2" />
                  </list>
                </option>
              </splitter-proportions>
            </settings>
          </state>
          <state key="JdkListConfigurable.UI">
            <settings>
              <last-edited>1.8</last-edited>
              <splitter-proportions>
                <option name="proportions">
                  <list>
                    <option value="0.2" />
                  </list>
                </option>
              </splitter-proportions>
            </settings>
          </state>
          <state key="ProjectJDKs.UI">
            <settings>
              <last-edited>1.8</last-edited>
              <splitter-proportions>
                <option name="proportions">
                  <list>
                    <option value="0.2" />
                  </list>
                </option>
              </splitter-proportions>
            </settings>
          </state>
          <state key="ProjectLibrariesConfigurable.UI">
            <settings>
              <splitter-proportions>
                <option name="proportions">
                  <list>
                    <option value="0.2" />
                  </list>
                </option>
              </splitter-proportions>
            </settings>
          </state>
          <state key="ScopeChooserConfigurable.UI">
            <settings>
              <splitter-proportions>
                <option name="proportions">
                  <list>
                    <option value="0.2" />
                  </list>
                </option>
              </splitter-proportions>
            </settings>
          </state>
        </states>
      </component>
    </defaultProject>
  </component>
</application>