<application>
  <component name="UpdatesConfigurable">
    <enabledExternalComponentSources>
      <item value="Android SDK" />
    </enabledExternalComponentSources>
    <option name="externalUpdateChannels">
      <map>
        <entry key="Android SDK" value="Stable Channel" />
      </map>
    </option>
    <ignoredBuildNumbers>
      <item value="173.3727.127" />
      <item value="173.4301.25" />
      <item value="181.5540.7" />
      <item value="182.4129.33" />
    </ignoredBuildNumbers>
    <knownExternalComponentSources>
      <item value="Android SDK" />
    </knownExternalComponentSources>
    <option name="LAST_BUILD_CHECKED" value="IC-193.6494.35" />
    <option name="LAST_TIME_CHECKED" value="1583670410839" />
    <option name="THIRD_PARTY_PLUGINS_ALLOWED" value="true" />
  </component>
</application>